﻿{"cameraMode":{"drawMode":0,"name":"Shaded","section":"Shading Mode"},"sceneLighting":false,"audioPlay":false,"sceneViewState":{"showFog":true,"showMaterialUpdate":false,"showSkybox":false,"showFlares":true,"showImageEffects":true,"showParticleSystems":true},"in2DMode":false,"pivot":{"x":-5.289999961853027,"y":1.2951326370239258,"z":-0.8827056884765625},"rotation":{"x":-0.355356901884079,"y":0.08312379568815232,"z":-0.03174566105008125,"w":-0.9304859638214111},"size":2.8578836917877199,"orthographic":false}