﻿{"cameraMode":{"drawMode":0,"name":"Shaded","section":"Shading Mode"},"sceneLighting":true,"audioPlay":false,"sceneViewState":{"showFog":true,"showMaterialUpdate":false,"showSkybox":true,"showFlares":true,"showImageEffects":true,"showParticleSystems":true},"in2DMode":false,"pivot":{"x":-44.642669677734378,"y":-2.0357513427734377,"z":24.004024505615236},"rotation":{"x":0.30518263578414919,"y":0.5618460774421692,"z":-0.23412150144577027,"w":0.7323794960975647},"size":26.32426643371582,"orthographic":false}