﻿{"cameraMode":{"drawMode":0,"name":"Shaded","section":"Shading Mode"},"sceneLighting":false,"audioPlay":false,"sceneViewState":{"showFog":true,"showMaterialUpdate":false,"showSkybox":false,"showFlares":true,"showImageEffects":true,"showParticleSystems":true},"in2DMode":false,"pivot":{"x":1.899999976158142,"y":1.2951326370239258,"z":-5.199999809265137},"rotation":{"x":-0.20375557243824006,"y":0.6750758290290833,"z":-0.20241470634937287,"w":-0.6795473694801331},"size":2.857883930206299,"orthographic":false}