﻿{"cameraMode":{"drawMode":0,"name":"Shaded","section":"Shading Mode"},"sceneLighting":true,"audioPlay":false,"sceneViewState":{"showFog":true,"showMaterialUpdate":false,"showSkybox":true,"showFlares":true,"showImageEffects":true,"showParticleSystems":true},"in2DMode":false,"pivot":{"x":2.8347721099853517,"y":2.2375283241271974,"z":-1.6536654233932496},"rotation":{"x":-0.20375557243824006,"y":0.6750758290290833,"z":-0.20241470634937287,"w":-0.6795473694801331},"size":18.362775802612306,"orthographic":false}