﻿{"cameraMode":{"drawMode":0,"name":"Shaded","section":"Shading Mode"},"sceneLighting":false,"audioPlay":false,"sceneViewState":{"showFog":true,"showMaterialUpdate":false,"showSkybox":false,"showFlares":true,"showImageEffects":true,"showParticleSystems":true},"in2DMode":false,"pivot":{"x":-31.969999313354493,"y":1.3134641647338868,"z":0.9551024436950684},"rotation":{"x":0.21011601388454438,"y":-0.11953269690275192,"z":0.025892479345202447,"w":0.9699962735176086},"size":4.041660308837891,"orthographic":false}