﻿{"cameraMode":{"drawMode":0,"name":"Shaded","section":"Shading Mode"},"sceneLighting":true,"audioPlay":false,"sceneViewState":{"showFog":true,"showMaterialUpdate":false,"showSkybox":true,"showFlares":true,"showImageEffects":true,"showParticleSystems":true},"in2DMode":false,"pivot":{"x":-4.163181781768799,"y":2.1176178455352785,"z":-0.2264871597290039},"rotation":{"x":-0.355356901884079,"y":0.08312379568815232,"z":-0.03174566105008125,"w":-0.9304859638214111},"size":4.041658401489258,"orthographic":false}