﻿{"cameraMode":{"drawMode":0,"name":"Shaded","section":"Shading Mode"},"sceneLighting":true,"audioPlay":false,"sceneViewState":{"showFog":true,"showMaterialUpdate":false,"showSkybox":true,"showFlares":true,"showImageEffects":true,"showParticleSystems":true},"in2DMode":false,"pivot":{"x":151.55873107910157,"y":590.4197387695313,"z":-32.8843994140625},"rotation":{"x":-0.1021302193403244,"y":-0.005374021828174591,"z":0.0005519414553418756,"w":-0.9947564005851746},"size":302.4693603515625,"orthographic":false}