﻿{"cameraMode":{"drawMode":0,"name":"Shaded","section":"Shading Mode"},"sceneLighting":false,"audioPlay":false,"sceneViewState":{"showFog":true,"showMaterialUpdate":false,"showSkybox":false,"showFlares":true,"showImageEffects":true,"showParticleSystems":true},"in2DMode":false,"pivot":{"x":-31.969999313354493,"y":1.3134641647338868,"z":0.9551024436950684},"rotation":{"x":-0.34548383951187136,"y":-0.46131521463394167,"z":0.2012207955121994,"w":-0.7920476198196411},"size":4.041660308837891,"orthographic":false}