﻿{"cameraMode":{"drawMode":0,"name":"Shaded","section":"Shading Mode"},"sceneLighting":true,"audioPlay":false,"sceneViewState":{"showFog":true,"showMaterialUpdate":false,"showSkybox":true,"showFlares":true,"showImageEffects":true,"showParticleSystems":true},"in2DMode":false,"pivot":{"x":-33.85081481933594,"y":2.910755157470703,"z":3.0226073265075685},"rotation":{"x":0.30518263578414919,"y":0.5618460774421692,"z":-0.23412150144577027,"w":0.7323794960975647},"size":2.2416605949401857,"orthographic":false}