﻿{"cameraMode":{"drawMode":0,"name":"Shaded","section":"Shading Mode"},"sceneLighting":false,"audioPlay":false,"sceneViewState":{"showFog":true,"showMaterialUpdate":false,"showSkybox":false,"showFlares":true,"showImageEffects":true,"showParticleSystems":true},"in2DMode":false,"pivot":{"x":-5.289999961853027,"y":1.2951326370239258,"z":-0.8827056884765625},"rotation":{"x":-0.1021302193403244,"y":-0.005374021828174591,"z":0.0005519414553418756,"w":-0.9947564005851746},"size":2.8578836917877199,"orthographic":false}