﻿{"cameraMode":{"drawMode":0,"name":"Shaded","section":"Shading Mode"},"sceneLighting":true,"audioPlay":false,"sceneViewState":{"showFog":true,"showMaterialUpdate":false,"showSkybox":true,"showFlares":true,"showImageEffects":true,"showParticleSystems":true},"in2DMode":false,"pivot":{"x":-3.6741726398468019,"y":4.16330623626709,"z":-2.0577402114868166},"rotation":{"x":-0.34548383951187136,"y":-0.46131521463394167,"z":0.2012207955121994,"w":-0.7920476198196411},"size":4.596644878387451,"orthographic":false}