﻿{"cameraMode":{"drawMode":0,"name":"Shaded","section":"Shading Mode"},"sceneLighting":true,"audioPlay":false,"sceneViewState":{"showFog":true,"showMaterialUpdate":false,"showSkybox":true,"showFlares":true,"showImageEffects":true,"showParticleSystems":true},"in2DMode":false,"pivot":{"x":1.2999999523162842,"y":0.5686590671539307,"z":-1.9800000190734864},"rotation":{"x":-0.1021302193403244,"y":-0.005374021828174591,"z":0.0005519414553418756,"w":-0.9947564005851746},"size":10.709724426269532,"orthographic":false}