﻿{"cameraMode":{"drawMode":0,"name":"Shaded","section":"Shading Mode"},"sceneLighting":true,"audioPlay":false,"sceneViewState":{"showFog":true,"showMaterialUpdate":false,"showSkybox":true,"showFlares":true,"showImageEffects":true,"showParticleSystems":true},"in2DMode":false,"pivot":{"x":2.8347721099853517,"y":0.9500000476837158,"z":-1.6536654233932496},"rotation":{"x":-0.355356901884079,"y":0.08312379568815232,"z":-0.03174566105008125,"w":-0.9304859638214111},"size":4.596644878387451,"orthographic":false}